-- reference dictionary specifies chr1, 1, length=10_000
truncate table SPLICING.GENE;
insert into SPLICING.GENE(CONTIG, BEGIN_POS, END_POS, BEGIN_ON_FWD, END_ON_FWD, STRAND, GENE_ID, SYMBOL)
values (1, 1000, 3000, 1000, 3000, TRUE, 1, 'GENE1'),
       (1, 6000, 8000, 2000, 4000, FALSE, 2, 'GENE2');


truncate table SPLICING.GENE_TRACK;
insert into SPLICING.GENE_TRACK(GENE_ID, CONTIG, BEGIN_POS, END_POS, STRAND, FASTA_SEQUENCE, PHYLOP_VALUES)
values (1, 1, 500, 3500, TRUE, STRINGTOUTF8(REPEAT('ACGT', 3000 / 4)),
        '3F3921F23F7DAB8D3E81AFA23F1BDA573F4E4D773F601B0D3F374EF53D93493B3F4BD7C23F1426CB3F687AEC3E187D103F79A8033D8657363D8E5F643DB9DC573ED953B43F5FD8173F133A023ECB01A33E8441E53E1C758C3E8557123EEC61943EE0D1D23E587AAA3F1D3D023D090B2A3F305B7F3F2F22043D9A215A3F7261DC3EDFAE4B3F319DE53F2D28743F20F7F63F131FCF3EC6A4393E41AAD73CDAE7393D0141AA3F54959E3F3D76483F7104563F5370C73F03A31D3F18155C3E69C0CA3E9B38F23F31EE753EDB45543F7729863F39B5D63EAB99CC3F7552723EF87C6C3E7B77993F31FA1F3E60B32F3DE3B4443F10F8CD3F03C4173E1E4CFE3F0D54283E86BD9B3E8FCF733ED4D7763E2BFBDC3F5537A53E9AD0BE3EE495963F3D09B03C8F45CD3E33B0643F7B372D3F71385A3F59CA593F4266CC3D8F05663EF965113E32BDBB3F761E193F1D64523F374B723DA6E56C3EF2A0363E4BDF7D3F0FC9CE3F5A86293DD0376B3F2B16A13F6B598D3EF9F80C3EF1C6123F09098D3F5D91533F5405FD3F3AE66F3F46E4AE3F29B5D33F25B9343E9115443BA9F17D3E2493AC3F47C2613F4AAB703E9FA1E33CC253233F085E443EBA21213E9E39BD3E5406F53E21E9B83EBB40133CA2D4213E6A8AB43E16E14A3EAD06DE3E9C923D3DB80CA43EE099683E8193D63EED94F43E08BAA73EDBEAAE3F4451183EF28D663F41CA2F3F587F083E23FAAE3E013E4C3F221E443DDCAFB43EC929E53F6F4BED3D0B08C93F52DA553D7AC1993E9340593F69759D3EDCE6AA3D9CD2413F47EA303F2310433F519A6A3F12548B3D46A7EE3F29C6923F73D8E13F6092903F30F4C03F7416C93E2BC72A3ED37E5A3DD00C693F2F16083F48B22A3F7C7FC03D9DDC853F1C02CB3E1486083E9BB8A73DF90F963EF76A853C332A243EF0A53C3E7A68663DBEBBA93EF049DD3F5B5DCA3F628AB53F4D0F303E38B6563CE7A2023E9FB4433F7483CA3F51F1953EA006463EF6D4253E39A6E13D37BB543E68E1A73F5EEA923EB4FBDD3E292BBF3E4A68253E7279473F7E9B113F7C7D2B3F69BFBF3F20EA453F76D2793F732A3D3E6ECA323E472A503F0DB3083F4BA9453F42BE323F0586D63F06A7C73EE574A13DA03BB73E967F473E5E61663F3BCE513E2EC5163D12F7153F0A35443F53E7643F3D9A973F15B8C33F2099FB3D4CB6903F76FF2B3F399BA53F642EC43F3A82E73F3C85143DD763F93EF1E8DB3EC4BC883F1781123E2698C13ED547973ECFF6993EA8F7783E8FE2FC3ED8961C3F3A05073F4C417B3F517BD33F2E52E23F3DA7DE3EE00EAA3F76774E3E08558F3F5CF4133F786E863F181E1F3EFAE1C63F29A88A3CCE1D693EEBA66F3EE800E53EF63FB03F1C80403C4E91E93F66E44D3F4B59B33DAB111A3E4384323E7D101F3EB8B5443F2592F73E94A7E13F42F4933EB8B8083F0339873F4DB7F83EEBD81B3EA90CD43F07F5873F4A43FF3CCDAD0D3F2B303A3EFE25B53F64334C3EAA2BB03F67DAA73EB3D75C3F160B6A3ECA6C2E3F3466F93E4E0D9A3F284F583F6521783F4C3E1E3EC748AC3E07E8243D15CCA03F2764983F610A4C3E1568C63E235C223F34B4AF3F5963EA3E8C52CB3EC72BC03EC771EE3F3534D33F66F8883F2080003D9F094A3F34E2A43DAA5C4F3EB45E773E702D213F7376BC3E33F9D63CBE8FED3F429B183F62DEDC3E899BA23EB6EF233F0B99E53E896D193CE389623ECD394A3F3798963E678D6C3E0D3EE33DC4CDDB3F6B4E193E851BC73F755F653ACBB15E3E74B05C3F6F41A93EB4DB5D3F6DEC053D9B1FC83F133DC53F6A86F83F06AC1E3EA42C803EFE80BA3F78DFE23E76CDF03F36A62C3E2D5BBA3F4D2CE13F3417633E09AEC73E75F5B03F01ED143E84B6893F643DC13F0A16243F54C2783E9CD9A53F458EDA3C211F033F7F31663DE8FF1B3F3D15F93CAE8FD53EBEC2BD3BAA10E73F2E3DC53F2B99323EA372563E18BA483F09D41C3EF5D7853DEB82633F3510E13EF367D33EC36B013E7DBEE03F43388C3EFCC6913F79EEA83F301BE63E8C5F993D2DFFF03F5CBBFC3F79E2323E92F4C13F3814403E7454C23DBD1C373F43281A3DF56E3A3DBEF1323DDAB2FC3F3037433E86A2753CDF9E6C3F0E7A153F14F0CD3F4663E43E30DB023EAE6AF43DC542C63E5796D43F37DD703F2E3ACE3E5E280D3EEA2B423E8D30383EB595F33EE0C0173E2B69043F30D05D3F7B721B3ECEF4893F0D28CB3F6D8E693F1B57693F3321573F2CE4573EB39BF13E54E9773F693FD53F1AEF783D4960673D6773583F112B1B3EB8D4443F5F5D573CB597EF3E9F6C093F2955DF3EF30BA63D1DD7A53EFDEED63F5E1A563F7CF8B43F7026043ECCDCFA3EBB48443F692D7D3F4762D73EE6DDB93F5F17F83ED24B883F1A5F593E13FA533F4754203F0827D03E94D0753F598FD93F3BBA373F3842013F4D5B243EA081383D87DA3C3F2CE10A3F238DB63EF513DB3F15E0323F4B02FE3F4B25D63E3A24C03EFE90C43EAFA24D3F4FBD4C3ECA9A333F67D8D23DED55963F566AB53F73D0883ED62ACE3EEDD45F3F2F89BF3DC469033F60DE923F0CEFD13D0DCB5E3F4ACFC63E0E352E3E04EA3C3F53E1643EE871B13DC13AA23ECB341F3F5573423F2012493F6565D13E7F0D7D3DE8A78C3E5D95EE3EC7105D3F53D27E3F537B0F3D9FD7CD3EA85AB03EB105703ED2649C3D7ADF5E3F5EAD3D3CE4FA3E3F2F7AE93E62F6743E0AB2B03EE164033F4EB3613EFE0C713EDFCAE43F2046B93EBDD9123BA611043F575CD73E6CE10B3E0203983DE8142E3EAF04C43E7598A33F73C95E3F0637F53F59F0F03D0507203F3849373F7892C63F16CC1A3E699EB03F2CEB623F05874A3E5BCFB03E2D8F133F442B1F3DF98E863E6E23AA3F79ABB73E01079C3F427E753F467A6C3F4C18003F14B4AD3F0E88C53F5D193A3E9533E53F1BDA6A3E2974C83F22E88E3EAF23913F2835FF3DAC32983F5827543F42DD923DD5EAFD3F630FF83DE65DFE3CDD5E0F3EE0D0293F69EA0E3DAF59C13DFAACEF3ED53E0D3F28D54C3F18C8893E3F732A3D7679F33F7743BC3ED804DB3BDCA3163EBEC86C3DFEB8583C938C363EA93CF33F0903D13E319AA33F61DBCF3F1FF0323E45ECBF3F7EB7BF3F50337D3E1FDCF53E1584B73E98A1E13ED16EB83E687B453EC810DC3E5C4FB73F17D29B3F7A84C73BF82D543CF0DA9C3F533A0C3ED8CD513F4FE7743F00F7673F6C54DC3E8C6B0D3D5B8ED33EC5C4123DCCACC53F315AA63F307F9E3F6E46963F667D893E99EDF33F6DF83D3F30D5043E5D114A3F2A276D3F4F6CF23ED637A53EE4BBDB3F7F97FF3F0814333F2222503E3D63BB3BB7D5593E2FF3C03EA0315B3EFF9E3B3F21DF243E3788613E4C1F703C8C4B133F7DDC613F3B7F613ED7568A3F04FFCE3F60D4F53F2941683EF3BC903F30E3803DCB09D53DFB59243E1D1E4339B0ED9F3EA0849C3F240AA03F1C2C383EDABE523E48D3623EDCAE0F3F2D94B53F64E56C3F0462AA3E2548313EDE5B473F50F7BF3E29F4913ED98D1C3E5A39453E0EE08B3E7329CF3E73FA703F08CF253F19A3223D3AF9CE3F52CAC53F5E99CF3F362D8B3EAB02A83F46B4B03F461D4B3E23C9D63C296A8A3EF6EE253F2D8FB43F5F2B9A3EE6A1093E9A29D23F0C27E63C1B7D453F4964EA3F1B2A083F32B8F13F0AE4C33F20451D3E793BE73E90B2B63F5884C03EA737063EB3545C3EB580643F7BF1C53E9ACCC83F4308763F7541F13F7510AA3F52D0713EDA2DAE3EC92E5D3E49FDF93EDD40423EB12F473F28D7233D26E0E23ECE8FB33F12ACEF3DD27FC83F3A90B93F25E0EA3F2F92483EE24DE03F3A279B3D94DAB53C17F28A3F32EA4F3F4E53FE3F326C733F0BB07B3C8FE5083EBC6C493F41064C3E6917DF3C053A633F798D603F1961E23F2203763D208C0F3F61D4753EFCCC673F3EDA0F3F5AE2CD3F2B14543E71D8633F3280623F7FD7223F36E71C3E2FBBB73F2D0F803F4A74993EC2CAEF3EA7C4173EB3BE573C5ADD8D3E53E0F33E9726273E6CED973D795D813EBE90D03B050B753EB19A9D3BD5FE293F6EC7613F3620453F05D1533F744E513DAC4C7D3ED676353E9AE9533D9A7AAE3F4B6D473EA21EF13E89E8473F6E67533F2EC7F63E199CE23DE2B2563D2BBD7E3F7013B33DC84A633E8FB59D3E2F94363ED4AE1E3E8D636D3F0579433EF0B5B53F47413E3DB0F2B23F5309323EE0E7AC3F33348D3ECFF5053F22ED743F2A60093F32B9273D6B372A3E7973973ED193013E0048BA3D9BFBDA3E9B44C13EDA09633E53BC853D62215F3EDFDC193F58FAAB3F4973903E70DAF83F2591FD3F1037173F1F0F263DA064D63D8621033E95881E3F22DFFC3F465CF83E68FDF83EEF7B7C3F1099423F0166943F185EC53E031F463F4428373E9E6F6B3F108A2B3E6B3AFB3F55916B3DC188D83F0C12993E4EFB4B3F4FC0583F2A0BB13C350AC43DC0D8AA3EE086903F22EB213F0F3A013EBD3BFA3F632D8E3F4747263E61F55F3E869BE03F5B9A083F18B5BE3E04E7F53F1EAF983F3E87F83F7AE01E3F31B20C3EA200043F530C2D3EA659033E196BE03F2CA0943D80839A3F56E6C23E1237C83F461ED03E346D803F2AF1C23F1875923E4E07803D86D3373D74BA9C3F2892D83F0FC8023F15683F3D7EEEE63F7C73773D2BDB303F5F899A3DDED1703F6D737B3ED1316A3E4D68B23EE491B63EF3485A3DC007033E8C48023F0D66B53F7A325B3EE0E18F3F0A5B213F1108143F2FE5E13F3E18273F57F78B3E9662093E4652213EF754583E029DE53F03752E3F29A2393F7DC1823F1493F73E35EA4B3F18E8753F5EC4393F39B1C93F1229143F069F283F2D71763EF9B1413F2A50D33F1E20C53F3B82F63E446A9D3F34D1573F3CA3B63EDA18C53F4716503F098B8A3F5A431B3DA413803E8679033E9351043D2F0D6D3E6A4F503F1F450B3F54FF1B3F0D2AEE3E30F8183F504B6A3F5BA2653EFB1C6C3F4CC7D23F204DE43EF3C5B03F4FA0543F748BBB3ECE11D23D44C66F3DEB584F3DC5E1743EE6D1983EA0D6A53F38C2D63F138B853E102F2A3F7661D93E294B823F2761D73E851CC23EFD31573F73C83C3E8615393E4A6FC73F1E14403F7BB6723F2004243F6AFDBD3ED671C63F030F623D75ACEA3EF8444B3E880F543F65486F3F2CBA293DE6B2413F361E283F2D87033E6A772A3EA657C53F3002FC3F3C6E543DEE60373F54C5883F6A892A3EA6D1183E9308E63E1C0CAB3F4854433F5B85333F710C373F5CC8EF3F60C7663E1D1BB13F7E822F3F0CDA553D2E90253F3FFA893F2224DF3E82075A3C80AF233F0871633F4874373E2E2F7B3F3D1A843F20390C3F68D9213F65A87F3F7155703F7BAA503ED379D03EADDC713F672E2A3F16697D3F4A3A683F2AF7803E13A4593EFE640F3F5CD3123ECF77343EE1137B3E741DD13F21D1BC3F4C4FF63F2A80463E5C966C3F3B45483DE86E793F719BBF3F5A4A333CF7A2063ECEAC4E3CC167543E3CC6C13F2C31303F146E093D83BDB93EEEC2E93F38C0923EB05A493F4980DC3E3A65313F1F2ED43F2578AF3EFA4D083F00863E3F654BFB3F57C49E3F0CE9143F5B90A73F58AFF23F2E152C3F62AAAC3F4ADFAC3F0C73E03F093AB03E766C683F2AEBF83DA69A443DE20E143EC371583DE9DE3A3F47DF003F6351B53F79AFC53EB244933E8B57D73E84E6B03ED446933F189C4F3E369E583E0BE84C3F6CA7DB3F69A4463F31FC923E8712913CFF7C0C3F1D978C3F2D30A93E4FC03B3F6246623ED30E143EF2CDCA3E0D54D43F7966B43D38D22A3F0BEF5B3E71B6673F049EEF3F7282F33F430ED23E916DA63E088CF73F76AEDE3ECE506E3F38F0233EF4AFEB3F2B466E3DDD8ED33F7E4BBF3E4722003E47760B3EBF410D3EAA24CC3F5A21193F421CCD3F4832613F3EB3493F11B5543E92B3403F54439C3F6E7A3D3F285D7C3F1EE9103D8CB7E23EB2CC8D3F6FB4BA3F4B485E3EA1784D3EDDB4DB3EA804233F4974B93F4F7DC73E748B8E3F7A56293F7B0C4D3F1501803ED410F83ECF4FD23E82253A3F3603AE3EE9D8E13E0FE7813E98E46F3F5AD8FC3F2D26793F63D2843E852B603E307F0C3E127CC93F0191353E8763E13F3E4B3D3E2F834F3F776A213F399BD83F2F72893F1218353DD097293F1743263EDC1AF93F78C0273D36A0F13F5A2CBC3D28946D3CFE22F73E6E8D913F30862C3D0DEE253E563C2C3EAD85FA3F1FAC963F6295583DF67F003F2B712F3F6840D43E99B3A13E234F9C3EDEE2903E388BF93EC32EF23E692B253F4545183DDF79A83F7DB9343F655EBE3F0DC74C3EA5AB823BFF8DFE3E8CC0263F5FC6993EF1D1023F2711D63E43AC023EEDD76B3F2137AA3F40BDB43C20748E3F0A74243F1A57D33F1F7FA93F16D55C3E87179E3F692B573E6B38233ECE6B833EF49EE43EAE12003EE38E393F53E58C3EEF83A73C6681C73EF65F0A3F7349103E68F7473F5C09643D87535E3D02C27D3E04BCF13E4979AA3EFCAB0E3F6D98343F741C7C3F711CB73EF865D63EB7E8ED3F704B123F1083723F300AAF3F686AB73F6788DE3F0405D93F382E5C3C9947313F01E43C3E9FAE413F68C8323D9B183B3EC6B9DC3F57A3A23E8340743F5793823E9BAFA73F40D15A3F2F81283E24092B3EADBEF13F73E1B63EBECE1A3F54BE7C3F6FFB6E3EC39D673F44E1DB3C9805763F4FA8723E4DF53E3F7855B73EB706873F403B713EE53E873E740C673E3ADAA03F7939473D49E1443F5200C53F7139AF3F6EED623F4969723F2C91853F69E1E53EE692503EE285C53EBAFF843F49C3253F1A56353F65E0C63E39A38A3F11F3FC3D9E2B063EC905433EEE45013EFC10CC3F12649E3EFFA1783E8D46D33EAB79993ED30B443F21A1123F3E1A713F1D8B633F3F9F603D5FB8E03F681D153F1B25CA3F14B4543EE3EF3B3ED22FDC3D00D0833EC48F393C1342433E05ABCF3F19C1CE3E93D5CC3D6B227A3F3CDB8D3E711C3E3F1EAF253F38615B3E5919DB3F78F0E83DA811023E2D7F763F09BB703D0B9D0C3D3C2CAA3EA6BFC53E29B30F3EFD30553E4259BF3F0658043EAA39283E971C203E6322B23D02A0083C3C80833DDB6BFD3F07403B3F1BF2CB3D9F00FC3F2E8AD03EBEA5143F10DDE63E86115C3F61D7763F33802D3F5996193F1AC4B63F0C1F1E3F3664123F46AD673ED279CB3F3461103D9AFC5F3F6D96623E26EF163ED4FFCF3DDE69853F1F08C73EE447753F38C1983E8989033D875B723F3732D83F39D9C63D0B86413D11D8A73F257E833F5C786C3F1F7A703ECF72673F6050E23F4296D13CCDA0F83ED152923E4B48983F77FCCF3F01EE423F55AC9E3F2327943F70B86B3DC22D3E3F2B207A3EC4E4E03EBB03733F059EB93F632C653E8FB1523F6945163F4FDA4D3E50A51E3EC002C03F604DAA3F7040BC3F105DD83DED79B83DB652073ABDA77C3DF352D43F6362773F21A6733F7697AA3E4BF6BD3F712D013F19F2173E8C6A663F0DADB03E7488333E4144343F2601AB3F3C0CDE3EC017843F4B2D523F57B3D43D7576383F0B50973F47A5663F09B7FD3C1457CC3EE065083F3A71073EA83FBC3E8C61083DDE90233F3B36313EC186883F6EAB083D69EEA53EB410F53F05DB883EBD0BC13E8242043EB8196D3EF347BB3F273C553EB685063E82F5DB3E9990D13CF35B443DF432993F6478A33F08AE2D3DB339FF3F66D4193E5615B63E1777113F6F70323E4310763E5DCF683D61AECB3ED53C0E3E8F2A013F6228A63C9E5BFA3F7DDEDC3F1835393F009A433F20CB803ED8100A3F2A0A6B3EE7955F3EEB7A9F3F4C06CC3ED2C1073BDACD8A3F32C23F3F44FA7D3E8555663F7C6CE03E640D173DA88E3E3F09002B3F1ADD453F244ECC3F1A456B3F457EB13F51F59A3F5301E63DEA51AD3F587D033F5A2A183E6BB9773D82A2A03E916E0E3EA51C3C3F4007903E990BDD3F37DDD03F1FFE323F50E0143F1A23183E5CD5C63F3C145A3E88846D3EF1CA173E08AA743F24E0C43F526D453E3C1AF63E6028683C682E113D3C1A853F1EE4B73F6944063EDBDBCB3EBBCB9D3F444A463E3F93933F5A1FF23D7ADE553C717F473F562E893EF9B4C83DDA832B3F279F7E3F417AC13E9601B53EEB62D83F7F489B3F32D1DB3F488B913F20CEE63F1763C63F71DEF83F21F6363EBD2F143F69B9CE3F022C303F4B43133F78B6A43F35B8EE3F55D0813F04CC833F591EAD3F6B57283ED7F3273F335EB83DF2E5CA3F3371FA3ED9F69A3EDCA7A03EDBFD613F2A05583E033CC63F03AC403F0696593F4FD3FA3D816CB83F775D873F7A23313D92D7FF3F3BAAA93E4144CD3D0ED1B23F0A2AD83DBC09C03F1ACE3E3F4C19D83F38FF843ECBEABC3CA8D5AB3F3E87513E08C8953F1D78F23F61C38C3E66D2C53F115DD93E85F78E3F63692F3F2BC4523E88A3D83F0411C33E1337453E0B81D33F76AB553ECFB17A3E0471C33E93199B3EFD5F043E0320CF3E9E7C1B3DB576E03E8884FB3F64D4CD3DDC19663E86AE313EB824AA3E5246A73EA30F5C3D794EDF3EF4A3B83E14E6203F454AF53F7EDF823E8339763DA64DA63E3ED9723F7BDD523F2BDECA3E2A63413F400BFF3F42949E3ED8B18A3E284D7D3F58F7CF3F074E9F3E4C710D3ED1105A3F4D3CF83F0FB7983F2B990C3E28B9FE3E54E66B3F5B05AA3F6915B23E8BA0303F23BAD03CA6107B3F352D833F31C1073DAED8093E9107B13F5DADC53F080F4F3EEDC91B3F6016AC3E41B11A3E0C514D3F7672C13DA78B6C3E99E2763E3B48853F3C4B1B3F6EECE23F550E6B3F6EC67C3F3AA8E63F5993DD3F4EBDB33F031DC33F7CF51A3F0C91CE3E6B833D3F2B6FA43F56249A3E39E0653F7DBC7E3EC0DF373F3F36B13F77E4423E5D23AC3F213B4A3F0B8DF23F1450E53D958B783F7C30943F561D5A3DE8DC1D3F659D9F3F2E75973E3E8F113F5289203E4476A63F309C6B3F236FB63F25D3A33F3754063F2A0CB23F1D65703E7A286C3EC46CE53F101D003DCA0AD23EC99B8A3E24010D3F29060A3E90A16A3F2135E63EF65FFF3F4619A83F081AA23EE4C8EF3F792A533F4BE7AA3F19B37D3F2F95A03ED7B8913D23A7933F06B47E3F0EB3FF3F7DF6DC3EF22B133F0611B23E97778D3F329DD63F2B1F9E3F0048433F1E76A73F76A3FD3E248B6A3F079F0A3C36A1D63F72AE923F758CA53F36737B3EAF2A243F75DA1F3E285D6A3ED599B03EFB1C1D3F69BA973F7D07CF3F43AFB73EE4D5163E83A1853F7EA8A23F19EBDD3F575AD83E839E033D2ED5F43F6B5E5D3F74BD533F4747543E799DCD3F54E2163D92FFFB3F7C9CBF3E63DBB63F4468753ED6D5E63EF8A3EE3DDF087B3F01F48E3DE1EC753EEA1EBF3F7C36B43D3728053E1F22293E9FF4B33F75B4803C94A5C93DC976793E50DF883F2586E23F29A4443F55B7213F03B4813F179BEA3F47A48C3F6A589A3DB45C413DE3673A3E7412643F7F6BF53F0BA79F3D834EF13F66D7BA3E112E9D3EFCED493EB2E1913F2F69403EA7D9983F52CADC3E83F5533F2672183F6ABADE3F11436B3EC9D0DC3F28FAAD3F4540433F7FD62A3F1019A23E108C8C3ECCCB4B3F3B54C13F5F36F23F6B4BDA3F53521F3F1807163EA6B4F73F6F58473F4A36333F78B50D3EAEFFE53F6206173F188B9A3DE5CC9F3F74E6933EEB25543DE49ED93F1EF9053F75CEE23F7628D73EDA3F6F3B54D25B3F583E423EDFA2043E67A58D3F2576843E76C94F3EE1BB093E582E463D9860483EEFDC573F3E0D623F455F4E3F28CF533F6E4B503F7ADF4E3F34CAA93E67CD213EB471213EBB9E0F3F7CCA303E1B3FF83E89A1463CAEDF1E3ED97E6E3F1EE84A3F42B29B3ED1A0633F24CCF93F2FA2A13E1A18A83F2A0AAD3F734E7B3F24CF423E8BAB633E916FD13F022F4B3D155B993F7728273F4D41CA3F3FB10B3E8F47593F2384C53F0CE7D53DAB3E403F02B6F83E032A3A3F12BCB33F4F77263F41DD1F3F0D85A23D75E0AA3F0D5A5E3F72820B3F122C593EDCC1453F34C1023F14A8193E7BB8FF3EAB55B73E192A753DFF1BB03F387ED23EC06EEB3F632B1B3E9FE5A43D1861223EB5F54D3ED404073F114F5B3F39A0E83E1F8E033EA0DD0A3F374E0C3E786D5E3E40CEA13CC549D03F7EAC4D3F73CE7D3EF94EB93F3DB53B3E0287873DA663433DF93E533E376F2D3F63D2243CF876D33F1701B73E7A89C03E26DA5B3EF48A153E7769CD3F3B5FA63F705CC43F72544C3F18DD243F530EDD3E0645A43F66EFBD3F1EDA573F0726393EA3A5ED3F7A76DA3F2153EC3E21E4523F42A55F3F251B0C3F0BAF473F28F1603DA909A13EF1885D3F1907DD3F5829CD3DD6C0BB3E2C4B783EECB8053F1832C43DE343B73F3D6A9C3C81C3343F370C363F3E5A9C3EDC5B883F0EF4043EC13C5F3ECC42163F1995493ECCDDD63D43A4763F22562F3EA79C973E2915573EBFDFB23F22915D3EA28EF93D0398ED3F433D0E3E71B4713F25584D3ECD2CBA3E83CD733EA931953F7AABF33E18B01E3F6F01003F440F883E3068EE3F3B77AE3E3DCB5B3F7ACE743F0FD82C3F5BEEEE3E49F9273F32A4403F5A2A763EC353B23ECC2F2F3F7DF4093E600EE63EA9CA7D3F64151E3F5F858B3E14E25B3F40173D3F2C82113EC379393F0D33913D8481653B1E08663F54D1FB3F7852C23E95C3A93EB2A6B03EE9CEE13F63595C3E8F0DE13E865C763E6844E53F619EFA3F0185083F611ED03F7DAECA3F55E6C63F3E02963F768FE03EE359B13EC210D33F790B7E3E0271EE3F1F8ABE3F20D4CF3F10FDD13EAADCCD3F463D253EF9C16F3F1F58E93F580F4E3EEE90093D21F1993F4AE8C93F0E36D83F44A9F43BBAAB2B3F2487D93D4DF78F3E29CB133F60B33B3F4CF0EA3F3FAC233F201F743D84C69E3F375B8C3E8CD1793F6715683EABA81A3F59DCB73F032F6E3F3CD6FE3F6620283F01C5BD3F5AFCB93D865B4C3F35F0FC3E9EF72E3F59BC663F3EB3E33F7654083F1280743F42193E3F1828253E8BE2AD3EB7534D3F1099923F38B43C3F4B56323E02EF583F20D2993E65C69B3E93E7423E679E203EE579383EB46B7E3E8CF5813EADBFEC3CAE3D3C3DFD7BF23EF501C23E8D0C653F5BE2A93E5C3A1F3E2A55E93D8B15173CE8ED803F290D8A3EDA67DF3EE8CD853F025CA23F0779EC3DA1D9003E7AC4EA3F3FB0CD3E9325983F35D4CA3F724E493F0C8F8B3F7CD94D3E89ED7B3E9A5CEE3EA2A6EE3F492C363F44E7E03D4CD9DD3E8E51993F0848E13F6672FB3EA8887F3EE515CB3EB416F53F48B1643F19BD2D3D8834323E4022313F2A976A3F65897A3F300AF33E88B3BF3DAD64E73EF4998E3EA3A7C13EA171523F6D99DA3F32FBD73F5CB6293E10FC273F5B77353B2773B53F10595A3F676ADC3F3F03A43EEE9B4D3EC7501D3F773BD13E2CC21F3E8C567D3F7D81193F4186E23EED55F73F4D47A53EE2E6FA3EEBB21B3F144CF63F3F35083D10F3B33F2F83643F3AA0413F633ECD3E2653AB3EED54D13F5CDD343F1980583F550E253DBB96023DD87A793E5E78923EBA317D3EAF4A5B3F1A49983F321B293F1CEED33F0463E13F2914CD3F4B84903EEEEB3C3F2ACB183F2F816B3E3FB6F33ECABA4F3D7970913E361DED3EF0ED443F169ABD3F2329253F759E3A3D7D66903F09C83D3F4086A53F64B5873EAC48D03C4C8C303F7F2A653F13FB273E3D65A33F7C9EB63E8188313F6415D83EBA867E3EFC2E783EDA7D8B3F4CC0353F22E4AD3E9E7E163F00A8943F0EED633F347B9F3DC0050D3F27D5E93E85C3333EC94F593F569BDC3E2767753F3EE8743EA8D5E13F085EF33F45ADF23F7E93113F28FF323F0194413F7CA3273F05A8063F6FB9563E61BB873EF6ECA73F352F273ECAEA593E5800633EEA43B43F2C430F3E9887023EEEFF1C3E978D453DCC94643F5754833F4970583EAA8CD53EAB779C3EF4B0FF3F0D6CD73F6269653E67AD983DB6870A3F6AA35E3F70A9263ED2D23D3F170B8D3F204DAC3DBFD7133E3FF26B3C70A16C3F10AD3D3EAE66013F2A53C83CD33C533F22565B3EB5B7E73F28D5243DC7B0B43F44D4123F3B9A6B3F2087CC3EA7C90C3F3CEEE23EF4F1A53D0FB60D3F73106E3F5C20503F32B41E3F3959B83E07F86C3F6DFD3C3D8F1F4E3E4831853F18066D3EEB42203E225FA63E873FE93F5CCCB23F4C63B63D6C4A603E3B3CE63F4C28C83F5264653E2266283E3380563DADFCC43F28B33B3D8CD2253E9578A23BE1ECF43EB8474E3F5515743F2470293F39992A3EFE234A3F2452A53EB3F1653F3053723EDF478C3E30468F3D18C0AE3F0C4C9E3EDEA81B3F0435173E5B15703E012A933F3FC9993EEB64E13F495EAF3F17EFDB3F304D1E3EF842573F39628F3F786F9D3F66622F3EF306B53D8FFBBE3EF782873E4D3D753F0C21863F2F671E3DCE5B4F3F779F1D3F5793DB3EFEC6FF3F4841873ED9C7083EB6A5533F178BC33F172DD03E351B443E09A0CF3E1D0BBB3F5561733F77B2C83E44772F3E1BA9A13F55451A3F7E98DE3F16BE423F28F2483F3FC3C33CD4A5F93F72C7A33F5CB17B3E01279A3E6799423F0E26493E18BEDF3EF425DC3F5B33E03F6253363E252CF53E887DF43F74DDFA3D16FC7A3E93C8D13DFB57CA3F34EF6D3DDDC57B3F6DF9143F74C50E3ED1198B3F6FEA463F41D9CE3F73D7463F6F3A2A3D57027A3EB3C5AD3D8C150B3D6120413F607A243F5062F73F3FE4663E846CF53ED2A0F63ED334413DA0FE443F1107BE3F31816C3F5AF9DF3EE88BC83EB7D2413E95842B3F0E11A03E5357F53ED93E053F7C9CA23DD685E43E8520363E8D1F193F0F45C63E8010CC3D949F6A3E90E0733EA667213F5457503F1806023EA254613F1E4F8A3F04E9393F6BB54D3ED3FEE13F78DE1F3F3AB4373F277AFE3EDE75963DEBAB193F2A1DDF3F344EA63F4FF4AD3E813A383EC8646F3EDE91613E896D773E9BE4453F3BD6763F170D273F4C083C3F69E7103F74A1963ED0B1913EA65AA13D83E1DB3EF889753F2DAA723E428C063DD4485B3EC55AC13E9685A53F7D22183F4C70923F604B603F7DF4723ECE65913F525B7A3F7D24C03F187E083EA9365B3F37514A3EAD42B43D0692323C8652613F75CAF03DA9C24D3F50A71F3F69E38F3E6662733EBCD2633EEACCD43F2DE6EC3E9869F33F72AB4D3F09DA1D3D78165F3EDBBF403E48F14D3F2DEDDF3ED59C663D718ED83EEDF24D3F4F20223E90C0BC3F77591E3F0CAA5D3ED9F9423F2CC4F13F671CBC3DA3745F3EEDE27B3F552FF13F2CA0603F4B2C713F1677223F2DDE253EE7CB7C3F7E36DF3EBB94753F15F5B73F53DC033F748C843F60A8FA3F73EF973F3BC5863F365D7C3F31D6733F34D3BA3F6D34C33ECF81613DEAC5C43D7D22313E00EABA3EBD861A3F3CAD9C3F4F02C03E91409D3E60EA043E3DBEBC3F6D56103F3445AD3EE40DA83F58259A3F1100A13F6400143EF9548A3F7A35C63E91D6B23D8C8CF83F4964003EF6709C3F7AF2923E9D282B3DA9B2F83F57214B3DFFF0163D1711C23DA417DD3F0BFD663F423B793F0EC1B43F2E26943EBE75813E44199D3F4EAF053E20FAF03EC770583F05463B3E8E5D043C806BC03F1514AF3F604D8A3EEA66A63F495E113E47E5683F46840B3F182F153F2E29383F3C57733DB32B1B3F647BE93F5840F73F2BD4E53F639EBD3EF513A53F74CFF33ED7C21E3F6D55343F19E9643C2079453E50AF453EFBBE243F108DC13EEF0BFF3F2778FB3E82F3AA3F57DFE93EBF163A3F6A09FD3D0C70D03F2A7D583F291FC53D617F3A3EF634093DF5DFB23F1D1FFD3E942FF03EE7C07B3EF69AA43ECC35D83ED387973E16BAE53D49B3433F20DA4D3EA041973E12F8523E6ADDE53E29D6C43E37FCE63E277DC53B7944343F439B923E8B57A03F3634313E4685E63F2BFA343F31CDAB3F3F32813E0482433D3F259E3F2AAA7B3E4702C93EDBAF603F5DFDC73E492C423ED4E2CA3F1A6F1D3D4739063F653A2F3F382A853DD0DFD83F2394413F6AD7B33F1DC1113E7DBD5D3E960F963F257A0C3F4E53B73E5E22283F35374B3F4FD7FE3F4F6E3F3F5CC4E43EAC59353E29D2F73F433FC43F3546AE3EFDC3643F3908533DE36E073F62ED743F6D29DB3F551E503F644DE83E0E66A33F7B9EB53D064D953F4B90D13E83AB203F603B053F3665FA3EE94EDD3EFE7AFD3F538D593DD52A693E8CDABD3F1341693F0DAC7A3CAB7E193F1CE2003F5219C33E82AF643D64CCF93EB9F4C33F7109AB3E03B3643F2A6B363F47D5F83F26486C3F041E3B3F2E4DB83F68E02A3DA162543F78924B3E994ED13E06A2B33F0870A23F62D7213F0D41613E15F2B23F19B1553F5853D43F0E2E963E382B1E3DB3AC5F3F0621943F1E33FD3EA337AF3F0A63C23F4BF6A43EC93E0E3F2AAA8F3EAEF2483F2D8D173F5804623EDFC7C03F025E413F602F673F3AA1133E4B68E53EB4660A3CAA9A2E3F3057DB3E6BD6443DAB60583DB3BC8C3F4784EF3EB2D4793EAD36753E063B713EF643F53F22409E3E9A7B693E635AD93F49F47C3E36DE743F4FE9133EC79F2A3F7BC0663EC917E43EBCE3F03EE53FA43D95C8C33EC1DC7F3EE7CBD83F5040EC3F34AAA83F1D31FE3F71728B3F53229C3F0C95713F007F363F3494063F172DB53F42B6023EB222173F1C24ED3DFA86C53E38CD3A3F7ACB153EB252A43EB001EF3EA1DA733F082F8A3ED2DE693F1757A63C495A103F63003D3F035E423EC572793F71FC6A3F6114623F0B90E33F152CCD3F38FD313F292D2F3F66109A3EF99FC43ED861A93F0AD3423F164FB33E24404D3F5D74AB3E6E1B703E28E8FD3F6E94683F450CAE3F22CCEF3F5DF8673DC8044B3E6AB0CC3E8BC5E73F3F3C073F5DFBC43F196EF13F7323973F58339D3F6825DB3F7E7C563F0466343F137C893E6F8EAE3D74F2EA3EDDC63C3F1BAE9B3F4B2D9E3F19DB9C3EBCCD773EE4B5DD3F48C9E93F6E0D5C3E91BAE03F5B981F3F2E9CA53F05585C3E7A095F3C8EB8033F75F7AC3F2A55A33F3A3AD03F7BF1323F34144D3EAF4D0F3EB9D1AA3F2F45BA3F2820D33EE530693F4DBE283DDD8FAC3F4B8BCF3F5B41813F70DA4F3F510C983E01DD0C3F0915153F44BD5A3E4709D73E9AFB1D3D810F253F7E59823DB0BF3C3F1132343EF0F7E03F6ACD8E3F19C7763F3B086B3E8D0EBD3E54485A3F6457D83E0A26013F701FE43F6D23853F2DC3433D1050D63F3FD6773F1572F73DD250463EDA49EB3EA97EAE3D2A7E483E93150A3DD879E13F028A633F50FC9C3F1E385C3F2EFFA53EA5BF843F31BF8D3EAA1A163EA706513E9C75AC3F1AC35F3EF597893E7EFCCD3F7FBD853EC18FC43F32729F3EBADD7B3F5CB5CF3EBA4B8B3F05F3153D17F27D3EAB9F6A3F5E47223E342F4B3F1576F33F5D2D6D3D1B6D6B3F4F1DD43D3103DB3DCEFF5D3DEE85873E8C2DA53F36B11B3EACF3723F785C693EA3960D3E22AECB3EEB6C303ECD3AD43F7C58333F3070343EBADCF73D2A17023F296C053F501A983F55584E3F10D7F03F6B87C23F4A06363E988A123F083C523F439B483E55448E3F53DE993EDD39FA3EC122B03EF2F2CE3F681A153ED392623F4DA7393E31F7F13E89B58C3F35AFB23E7EA6953F122DA53E05FDF53CD7081D3F5A71053F668D8D3F27543A3F7EE1E83F5937033F3081BB3EBA44403EB6E0263F7D9F683DA90AA43F0F57BF3F30307E3D28E4663CEC15EE3EE3074E3EB947D33F59257F3E6BECD33F531B523F6693AB3E8F07143F74C7133F46C8593D4DE03E3F5A1D993E3773093F08B5F93F34834E3ED39E093C0F14B43E8B31D63E927BE63F21F8083D6DA94D3E05AE2F3E945E763EC68BA93E59001A3C0613CF3F026AE53EB1FBD93E788E643E3E32253F5C6B903E3F9B4C3F5BAB413F4FED843F56B9F93F6728093D73C5C23F23E9E53EBEA2023F24BB603E1017823E3185973E8511183EA093263E855CC23F0FDCD83ED322513F788C383E939FBD3E2E41F83F5BCA8B3F308EFE3F0A2B6C3F38E2B03F557ED93E0DA8F73DBDF5013EAB61A83E9B99863F1650D33F1C24D73F0ACCA23F74CA6D3EE4169E3F79EE453F216BBC3D22B2E03F363A773F1BD6DB3E560E513ED7E42A3F69FB123F7E06F83F784BA63F63FB473E5B14143F5AC7EA3C57FDAB3D26628C3EB73F8D3ECEAC823F723DF13D22A57C3D8030BC3E62EFCF3E54562E3E5185DF3E7C4C563F3BDC513F3528BA3F160FCA3E734A633F271BBF3F70333B3F3375993F38CEE23EDE9AA83E1652A43E0CCDD53F3A35973F14D0343D536E363C32CEDD3EC65C2C3F1106C43F556AC53E151FC63F123B0F3E8F235C3F5235283ED82CE53F39C1773E07E2CE3EBB8C803F7158E63EDE1D843ECF569B3F67153F3F0A3F0C3E86F0E73F7783213D86D2643F2F2D583EE6DDFE3E8664873D8306453CD79B4A3F589DF23EA08E903E43AF9F3F27DDFD3EAAE6F03F0DB1273EFB4F2B3F26A80A3F21A9243EFFD9D93DCAFD683F269F8A3F78A8113F21473F3F38777E3F7C7D6C3F2BE2523EADB75E3CDB74AD3EC182043C8F75B73F063BDA3F00E8303EA72D943E436EBD3E2BA16F3ED6FA2C3DCEF0483E500C0F3E8C0B2B3E12EBF63F2A57353F6DBE283F25F63A3F7C22533F7945313EB81ED43E9D8B6A3DF0756F3F500B563E1DA8CB3F3F8C5B3F63C88B3F45924C3EC933523F6C376E3CD4E9CB3F7B7DBA3E61B2753F065EED3F49FD9D3F7B7CBA3F3280CA3DD899D23E3328053EDE7E513F45C75F3F1ECC893F1965E33EE9B3773F3E9CE73E6F98973EAD599B3B22EFAA3F778E6B3F1B4F833E4D58153DA696003F5725FC3ED4BA403F017A703F166F343EA4B0F43F13E3393EFB01923E393ED73E90DD6D3EFC08983F28EA2B3F7441413D683E0B3F215D673EED71C33F19955B3ED3E68A3F797A503F646B953ECF4BB83D24F5BB3E06EDCB3E7F1AF63F2E178C3E99784E3EDA2F4B3ECDCCD63E2F96383F33C6E13F6A63BC3E8AA4B53F157F973D014FCD3D904F49'),
       (2, 1, 5500, 8500, FALSE, STRINGTOUTF8(REPEAT('tcga', 3000 / 4)),
        '3F4248653EAF74613F34621A3EF548023DBC11CC3EC7106D3F6368923C8E87163F28C8DE3E7728593E119CFE3F6B4F583E0FE51E3E8054723F72A3C33EF452433F51ADE13F440A903F1486633EC2739C3E8B7FE63E8BAE2D3BBAE2043E84502D3F30DA253E85EFC53F0EC4A93F173BCD3F5E2E053D8626173F4DE3CC3EF036093EF13D503F151C743EB4937F3F4CD3C83F0AF2553EF702B73F71C2E63DB1A3363E9DBA843E6F77763DB0DB923D85A23C3E8DEEBC3D25238E3F2355813DEB7AAE3E9FDE633F11ADFB3E6774E53F0AF5F83F4D8BC83E31DBF53DC368103F0DF3993EB09F5C3E2A7FE43CB279003F77EDC03EB19DF93F1450A53E543D423F009DB73F4E0A773F4461683F296C9F3F44A6C83DA30DAC3E1DB25E3EDD40D03F72AB033F62EE643ECD2E933E3A26663EFC01283F5D5A8D3E8EE76A3D48FEA63DA44D7B3D083F553F149F223ED3A1043F0371093E21FA313EE9FAD43E3E2AAE3E3333713F0EC7E43F31B4083F01BE9C3E39AA173E1EF6FB3F0D46BC3E90608A3EC089523F26A9AF3F7877B53F5040393F5F65ED3F07F3BF3E0F35673F664CA33F703A423E829C623F26DF933E26311D3F2190BA3EBFD8913F38CEAE3D19598C3F3FCFF33F05162A3E7E173B3F5103DF3EAC3E1A3E26AF173F4DAAEE3EB9D8D63E4614D33F5168D43BAF34A63F2515D83F1841BB3F5EFBE23DC1613A3CA46C763F2DDEBF3F0A42703F76D0433E964CA53F4AC0633F123C1A3EAB62A53F6C47613EC865313E121B603E74C8C53EC8F49B3A5DDA183DE3B2453EFE7AC83F326D673DB4C1253E30603A3ECB58133DA939A33F2EFA503F39B73B3EBED4B13F2D042A3BFE1AE43E72C3353D83DD9E3ECC0CDB3EC3327B3F2CAB3D3F4B40483F1DA9A73E4D64753E1A0C5B3E0E78EF3E9559D73F550B963E84FD563F7EF0733D184ACD3F5B12BA3F379AC73E7773763EA8CD7E3E55F7153F5002833F5F74573EB444DD3EDEED113F6304203E8E7C333EB66D463ED586BC3F0114F23E0842EA3E4360513F2F5FB53E7AD9753E7F6B003F25D98F3F256D283D9A6F233F1ABCBD3F15A84A3F55FF283D8A12163F2E17063EB39C903F1D83333F54EF993E49B3AB3F6AACCF3F10C79B3ED089583E9A7F203E7183B63E4F8B8B3F011B2E3E8C84903F4D040A3F087DA33F709D1D3F5D8A873D5BA8D23ECE82083F5249313EE13AC83E9885253F0E6BC53F0968533E59F29A3CDE95E43F4DCFD73F6406303F7D15693E05A3143F3EBA843F4ABED13F7CB24A3E8861D23C91249F3F3CF34A3F08532A3F4E5C543E23B1C03F7937763F1C0C803E0ED1AE3F451C4B3F1A0ABF3F0CD0363F4EE5D43F4F7E393DF970253ECE84373F6307953F13804E3F54287E3F5D79E53E88649F3D7AABB73E899B783F7DD4BF3C465FEB3E50A79D3EF1AD6A3E9E70D43F43D8D43F4253143F7FDFE13EB2D3E03E719E433EB7CB333F6F5E653D92CF0D3E4D90113F270AAD3F545E523E0E209C3D4290B63E94AB753E8637DC3EF9C2C53F595FA73F6A474D3DF650A43E52DF793E0DFA783E80290F3F6C17A03E8D741D3D4EA35C3F57B52C3F0145E73EBC11443E834BE63BBD1A783E3B892A3EF19C433E3329C23D1AEFE03D474D013F5DFA213E8462853F5706FC3ED96B9F3F1002013F4708EB3F26DA063F1D1CAF3E0724F33ED085BE3F3C712D3F7CD9B03F15134D3DD06CDD3EFDCC4A3E1E33293F3421183E3F33233F2F573E3ED097383E296FC13EB082DE3DBB8F573F69C8623EF460503E3750EF3E9D2BB73E02B0193F50792F3EAE67AA3F7A12A53F3D753D3F2021453F48B9403E6D07E53D36EAFD3F62D6B93F1344523F5480703C238ED73F55F8B93F5182393F6C46DF3EF49E763D51DB613F30D00E3E6F99123F5BD9E53F3DD5503E8E56F13F65A83D3ED413733E6A1F6A3F63E3663E1158313F3624FB3F2C95693F4CFACC3F0468383E015CFB3E802CE73F676F7C3EBAC15C3EA6820B3DEF00233F1CD70B3F50117D3F022E6C3F42AD793EDA07873F24D21E3F51C6E53EF923AA3F7EA3AB3C3953313F3B48063DD094F03E382E5D3E0245BF3ED53AC73E0239413F0DA0503F39AD913D7E77EB3E4741753CF1F8A33EA149CA3F5D43C13F22F4BD3F54CC553F7C32E73F71E78A3F28FD0F3F497C1E3F4A59FD3F43E0483F69B9473D34E6603F0F56B43F320AAB3F31E5F33F22690A3E9B230B3E9025B63F0BA2083F79E0093E83A2663ECD1F8E3EE53C893EA1D2253CA5F56A3F718B833EDB503F3EA47A603E124E163F600AB13F6772493F035A763C6C022F3F0765023F3ABCBD3BCBE5253F5FCDC33F4580BE3F083E613D73CB823E99BB6C3E750D8F3F16F2353E8E1EA73F15990A3E43254B3E46A8543F690A303F7DAF5A3F25368A3E3C242B3F172C633C5163533EC864E83D9A39533CB2B31E3EC68E763DFB060A3CAC20CB3F15603B3F524CA83EE4D2AE3F2394AE3F0DEBA33D90BA5D3F40614C3F1D4E413F2C885E3E93CDD53F71A6F23F5AE60A3D6B88263E9C527B3F6782F53F65D2373D77615F3F52462B3D9904483E58B8443F0C317F3EAB15223F7DAEA23C971AAD3E29E8313F7A73983F37BC443E855C1F3F2382863EBBB9473DB10EEE3EC6331A3F4EF3D53F71D1C43EB6136F3F3388DD3E0AFEDC3EAC11853ED3D2DA3DE1E3063F21E5823F2642B83F6D7E7B3E8473D73F405AF83F3D18383F671FDC3E3F8BD43F168B2F3F77F2053F76F6B53F5AF0573F5B1D823DF982E83E99E0203DC7AD013EFBED2E3F33C2D03F1A79AC3F55CDF53ED74AE53D1B2A8F3F0D5BD63F29947C3F74AE9E3E8AC3CC3EA884B03E7829973F10675C3F0780C13EDB8CE73E9B18EA3E5D4B9F3EA3F7923F0B0BF03ECFF4493EBA67A63EECC9123F1F43363DA182B83F2743613F2C96C23E9B44F83EADF32C3F5741033E8D38663F47A8033E0A578F3D04BD553EAA21E23F55B7643F343C1A3E8D70743F758A4F3E518FA43EDE6DB83F40537A3EE584B43F28F9FF3EAEFE313E8D8EF73EA913B83E4066B93F67F6153F2210833EF785F23EE2E84F3F22A1163E74DC363F6CE6563E4FF9863EC7110C3D3BFAF13F79D4D03F662AC53E4472FF3E0A0C2F3D8FBE3C3EDBF7D23F7F42583EC5BFB43F1DF1F73EBA04C03F1C67FF3F4378F63F7262DB3EA92F293F4A47F53E57C62B3F137EAC3F5EE7B33EAC6E0A3F6559403F397CE73E8339563F5F231B3F0D3A863E883EC93F573C373F59A35F3F757CE23D8EA00D3E9915F83E9977D43E4E356B3F7D32DA3F3786B53F3437043E35FB9E3F19DB0F3F5DC9703EDF6BE939A7B4DE3E1FC07B3E219F613E1F6D923EA9D4033DDDCE833F339C963F1D314E3ED448633CA515223F20D2BA3ECD58F93F096A153F1940F73EA3C2703E7FBE763F7009613DED733B3EF912EA3F29AFE13F3681CA3EFA04633DAC57283F48DD2B3DCF2F313F585DCD3F6ADDB43F236FD33F25C4203F018C3C3EC9CD0D3D9FEF943E0626F73F66CBE43E9D6A843D77A4AC3F5091F63DFE579A3F35A0EE3E0AFAC23F0853123EF330BA3F68D29A3EBF881D3EB8B7463F158B603EC322C73E9953EA3E1047223EDAC73D3F6561783F48EFBC3F6A66813F5523C93F03483A3E8F02633ED7DE273F6168D53E171D9E3E39E3703E1059FB3F6F3FC53EA6C2B53F27B9CA3D6590193F68BC043EBF70A83F2FC2F23E32EEB73F47D0493F3F9AD83F3A5E253DC7906A3E8E58283ED51E343F570C8C3EC3C7AB3E1C7ED63E52BDEF3F5952BA3E6E12B73ED591CB3F53EA163F2B46503D9980063EF013DA3F53F5593F1AFF263F6EFAE53D986AF13DA45DAC3E1738433DD570783F44585D3F0DC05B3EFCB6673F0959D43EAD5AF33F7E7F043F4D0DDB3EFD6C873F4042143F5988D43F745FF33F07C1463F79085B3E7600FF3EE9FE083F064CD63F760FCD3C9AC1ED3F67DCC63F176F433E807CB33C2A59713ECD227A3F6907833EC5C8033EA3D9C23E12C1BE3E1B1E783F3CEB153E518B123EDDEB423C5DC6B23DAD37C93EBE846A3E7D98993F075F893F3483823F3B97893F17CDC53E6454463F2116DB3F10B19F3F5E36A33F6A0D1F3DFABFE63F472E523F093EC83F6CB5103EE3F7743EE6EFD83F046D2F3F3DFAFA3ED674AB3DF62DE83F56E8643F387A833EB4FF553EABE3603E82616F3E6EFEFD3EE78FCB3F5DB4FA3F38BFFD3F4E522C3F63AACD3F0C1DD83F62B0DC3E15E6C13EC2AF333E3D41613F70CFB13F29EFB13E580D7E3DCF21C93F0EB6FD3C9DC73E3EBF180D3F6571D53F5ED9683EFA9E583F2A51D13F3C20203F619B4E3EE15B0D3EB912EE3C116C893C37792F3B3AB9EE3EA711993F096EE43F749DE63E04E8313E839FF83F0E5AFE3EDF0FA93F0F540E3D968A613F23C2713F6CA3CB3F5F341D3EAF72F83EA7F0513F6D7ADE3F3921FE3CD754FC3F33B7DF3F7258093F1389793F449BC53EB167243F5086B33F33A2153ECD1D4D3E1AC7EA3F34B0BC3C2A36533EB11D333E39406E3F3FBE1F3EA3BC453DD64C603ED16FB73F56D8233F7BB9863DB6AE243EE7BB6A3F7172183EDA0B923F23B62C3F1317703F6A79AE3C9ADC523E37BC963E0077C03F1C10CE3F668C113DF96FBA3E91981F3F5773113F4D4FFE3E9E89863EDC591B3F1CE8BB3F2CC8F53EFCFA1C3F39A9093F51E9513F6EEB253F1782DA3F056C0F3F15CFB53ED63DEE3E75A9343CA906903E7F075A3F472D703EF123D83E56D9183C2B7E2D3F4EA4A93E2D8D813EED79033E39FDEE3EE34CA43EAC69A63EC1A1CA3CFDA8113F0852453DBE66943EA411113E6A0E6D3E30FCB43F464ACE3F6A260E3F7ACBD03EEB666F3EE4EC383E3164663D0B32533F2E8EDD3F25B5933E8B81C63F6493843F191BB13E44C6CD3D003CD43F337FAA3E74C52D3EE5C6BC3F7F8E173F01B4E53F4A62383F0B911D3F2D49953F4C546C3F0222FE3F1EFD003F53E07E3EFB8C6B3E923A693EBB89FB3F78DD493F5267713EE6414C3F46B7F23E48E6663F6D66813F1964853E87424A3DC971D73E7FBA423F4F0AB23C7318B33E86AC5C3E8E095E3EA82E193F3CC4A43F7376C43F0EB8843F7B4CDB3F480F473F4B7ECF3EB7151E3F53A43F3F6AE5D83E263B5F3F5529F83E9493713F7330693F021C703D7EBED83F6659BA3F3B427D3EF3051C3F5C9E9A3F73CA4D3DA0E3D83F3790F73F5899A03F6F34C93F0C33BD3EDFD9763F522E2B3E90E32D3CE064963EC4A78C3E5F62523DF1C00F3F1FE6433F2615783F72D58E3F6934213EC202263F6C52533F3FFCE63F2944CA3F6D36433C9A970D3F5403D73D3D39473EB4DC153EB329673EB511D23E39E3BA3DFD7CA03F4538D73E262D7B3DAAF21A3E233BD63F21262C3F55303B3F29102E3F57B1B93E1FC49F3E27DB363D9D95ED3F796BF53EA283833F75BED53F21C9CC3EF76FE83DE3E4313F7242303F5F07603F7D8A6F3F57C2CA3F15E41A3F03D2233E2F15513EA237CB3F09F8033F6C75E33E652C823CFB2F943F07E1E83E7CC0B33F27F4C83EC911C43ED1648F3DD457593CC585BA3F36037F3E8A3F483F21B71C3E6CB4B23E49C1413F1DFF903B5998C93EF45E603F0348763F27A1523D77BE5E3F7AF95C3EE7619A3F7CAC123F0B931A3E128D1A3E42EA6C3E3D8A713F03CED23F6D843F3E2D75343F6A6EB33F6C22373F5193283DA1DA173F1495EA3C6E43F13F66B8DD3F1983AD3F34FA1D3E1F2B9C3E89AE603F0783763F27C76B3F6AFE403E3619AF3F2CB7423F0D71CB3F4D4DDB3DEE5B8D3ED4E0F73F40E42A3F3CA2093E69217B3E2D7DAC3F0B431C3F1A90113EA9538C3D8CA3563E7894723EBFE3493DFA93C03D5CA1CF3EAEC4BE3DDA331A3C21F6E73E682AF13F53DE303F7311713ED941AE3F4202763EC1D7CD3F09A5193EC9F2903F5B90D83F2E31603F1C0E833F1FAC0B3EA4D6983F3C29173EF426EB3E9CAB2E3F71E2A63F25A5BF3BBA17A13EE0C2423F281DBF3D4F97703DD71A393EE744B33F165B203CF451493EA6CB453F0C3DB33EC417883DECFDFF3D8863CB3E9242723C3637AA3F33CE3B3D63B6B83F108FFB3F79E6BB3C3CBB403E6BB2913EBD04053EADCD553F0F51933F5FA50F3EA9B5BE3E3F27F03F6EF34B3F620A9B3ED771773E60A0363F0EFEB03EAE9D273F565E073F75A9663D961C573E1377FD3EFEEF5C3F2709E23F595C173E98142E3EAB83C93EA707E13E4417373F219ACC3A9AF7373F20B6E03F4193CA3DF3EAC73EEFCF973F7D5A3C3F419CB83F2B00EA3EE2CE573ECEA0683F1C46553E84A69D3EF5BBF73F13E9203F47D0813F102FBF3E2FD8EE3F096A083F2F41DD3F36F1B03F4FF7B43F49283F3F3BD8003F407DBB3EFC755E3BE60A9F3F3D1D323EB165183F2C09413F618C903E2317023F5453EC3F6131203D0763823F6DB6DE3E4E874D3EBD901D3E961DEA3F5FD9113F440D8D3E57933F3EDBD1F73DA4C1AA3E817DD73F024EB53E85ED8E3F62330F3F55DB913E6D96CF3F19B22A3F163C673E5B08FD3EA78A1A3F4368683EC3DF7C3D3AC3CD3F2E62893F053D613EDA77183EAECD993F462C3D3E46DF473EF746223DD0B5703F4366E33E97D1373D82CDB43EC46F6B3E013B1C3F067F263F0939FF3E4529BA3F6CBD3B3E2573173E69E8143DAF0E893E5B527F3F68793F3E3CFE3E3E040C183DE7A8003F7F2A4C3F5575AE3F69093B3F137B373F7320403F0585EE3F207F873F770CA83F3AA9AC3F08D7153F63A2E23DD38C5A3E08408C3F7C33773F437E223F1D3FC03E5080063F2D78D53F41D2193F7ED83B3DD16A603F5E33CB3F653BB23D778F983EC04F353F2708D43F494A293DBB2C803F498F163F120CD93F12774F3E94D07A3F6C5C843F646F533F7A33DD3F642D953F172E643F7A17F83E6DE7713F183CB93F204D1C3D019FD73F0497163F568E223DDAC1953F151EEB3F37219C3F4402F43DDD74FE3F792AF83F2B48593F2C3EEC3DCF212D3E80B9F93F5FF1B93E029B5E3F4AD5BF3F5E8BF23EFAB4BA3F6E85993F372F1A3F3BE4063F5425DE3F1499C63E29CC9B3E89CA6B3D713A0D3F668DCC3E0366CD3EA4CB073F21C9BE3DD8E5403F3394163F7078B63DDB3FA73F17E5343E0D2BBA3E8ABF4B3ECFA95A3ED85BF43D0E6ECF3DDF09093E5BD83A3F121BA13EC9ED633F5EAE5C3E55249A3F3C1BE23E790EE53E12D3C13F7D89183F2A87113E80D0B33E9100D83E3D61953F43BA393EA6F1973F670D753F631E403F6F2BBF3EEC22973F0CB07A3F4789F03F023CA13E6D6D0A3E91E3DB3F116E473EC7906C3E3B6E153EB9043C3D2E727C3ED369203D01B9F03F36A6903F7AFB153EB40ABA3D0802DD3F01C2F33EA655B83F6733643DAEF2853F10DF9E3F0CA1453EEB95163E12888C3DD27D283F62F4D83EEF20E13E9930913F4DD8743E1AB6D23F2EB5943EE759163F7EFD033E5805C83F39D30F3F522F873E9C9D2C3F4677183F5FB6DC3F3475653F76E50D3D6651E83E4102C33F45DFAC3F2760C63D17B8653F35D1643F61A4193F1818083F07CBFC3F210EEB3F5DE28B3EC4A4193F73020C3D6FEDB33CBB808E3F76B1893F39BD673E8F73133AB967273F7330D03F1D40393DD1BD773F2FAB103F0351863F31E3883E8FF9423E4238213F6761DF3F3F03B13F499F1B3EFC78783F39F96C3F4F56E33D9B94C83ED28C963D50F8153E3B7EF33ECFA6763EFF9C603F024D243F47EDE93F32D6423E7676B73F147C8C3F4CDED93EC2C22C3EB5DB983EC4705F3F6090863E0FA3823EB1E2C73ED876D63EF7708F3F135CB33EF6E9733F63F6AD3E063ED13E73F1033E5C90B93EB292703D944CE23F301D273F3C4BF93F5082713F1001093F4720C53F2E22F23F0C0CC43EE028A43F0B1CA63E8DE4E53DFB207E3F351E453F3FF7763E06B5023F3339AB3DC3FAB13EB9F91F3F21C7893F3CE7F23F7CA8E73F7428113EF4C3DC3F4D97653CD3934A3EA15B0A3E1866943F07B7603F3351B93EC6F6383E643E7A3E6EB1493F19B2A53F6ABB743EADF1913E1B56583F2E24613DFCBF8E3E7D25583F524CCD3F48CA213DDDED433F51CD1E3F1900D33F63F6F23F1666D33E18FC213F6F0E3C3C8FED9C3D6EADCA3F51B1883F1E77673F01DD7B3EF22DF03E7368A73F4F9E1E3EE0B0583CBA29343EFD24613EBC418B3E87432F3F30C89E3F061E403F2CFD1D3EB939AA3F5232B63F010F1B3F671A923DC9EFF03D8ED8D13EA19ADE3EB73C3C3E26D9103F3F04873F1422B13EDF536B3EC4BC263F3EDEE63E82A2183EE2D29C3F7E0F483F7993D13D58C5873EE51ED13E91C2EB3ED857633F66E62D3E4A8CD93F777A363F4BCD643F15FEFB3D3C24713C58E4B13F751A743E5438E03F46B7CA3F411A763E62A7873F0A139D3E562D7B3D0C73273F73E37B3EF486E43EEBD2EC3F36D2153F4BBDC73F3CFFEB3F4707403EFB8C133E9A40F43F2CF1923F70E4323F7F33523F2CED813F1610C83EAA161C3ECB08913F5FF29A3E1EC9373F63348E3E89EC683E928AF43F41E8E23EACDB1A3EBC505A3F4BCC8A3E3737B53EA345913F78F2133E07D8AC3F70833E3E32D0CF3F7275903F7CE0913F50FFD63F0571D63E8B365B3F12742C3EB1F38F3F72243B3F496D783F70329C3D8BF8FE3F0582773DE821A43F1EBC413F7C0FE53E38DEC13E73C6973F604E4D3EA296453EBCB48C3D263DEF3DD5DB753F5E81053F51767F3E01B0A23F4BA10C3EE7780B3F3A0EC93F301E763F3BDB073F34132B3DCD9C453F407AEA3CAF03153E84AEA23F09147E3DDA9B4A3F65B0B93F346D873E7EB6BC3EC93E823E8545313F6FE87D3F3CF1EE3EABDDB53E85A54A3F12B2FE3D714E653F5BF1803EA56F4E3F52DD813EABAD7C3F603F313EF59ECD3F50E0C03F49F3463F5DD8873F7700663F2FE7683E882D763F7B0EA93F164A283F67F0D33F787A163E8F8AA33F08060D3E377B653F5E88EE3F6B40E13F623AB43F7DC0A73CC65C683F00F2863EB587F63E97D95C3F6ECAA83F1FF46D3EC6A3033E06EE863F4D948A3F0D280A3DB3EE243F72F6813F1466963EC850CC3E29FF163E9293683EE5F8933F17828C3ED872883F7B4F3A3EFFBFA03F04E5F73DDD1C273F0501E53E402B543F7E3F193F60DCAB3E7EAE923E8D41CC3DA76F823F7757A13E1E83953F7065603E222AAA3F1AF0903F165AFB3F50CEF43E5BA9603F38E7EB3F57C39D3F60DAB23F2F55B43ECA0C043F49C3763E0802BC3F1723F63F1969313F4565BD3EA3D8653F222BB83EAB81273F6922E23F7DD9773F7DBBE93E91EAA03EF8489C3F0EBAFD3F710ED33F4E846F3F0A932A3E26219C3E09A4C33E3C2D0E3D34440D3F0958EF3E88AE9F3F41C8653F5752E83E9656C53E2AE9113F4313353EF8F9FE3EFAFB6F3F4B97333EE417F63EF6A3F23F2816293EF7B53B3E9C0D173F5286FB3F6A9FE93F4C81CF3DD38BFC3F5102073E85FAC43F48DC4A3F263BFE3D06E3CB3F0672063F7AD7523E47F0523F626B1F3DD82D8C3F06857D3F3657A03F4AA8F83D0C396F3F6254583E69C7103DC421F03F0CB6C53E3688733F605EF43F62F2163F71C6333F6BA5773E97C3193F31CFDF3DAE931A3F74D9553F0DF0FB3F0FE7CA3F2BB6943F455ED23F4DCD753EB2791D3F7D0F7F3F6B07243EFD44873E82DC3F3F28E9A93E67DEA03D6F898E3EEC92F63F1EB9453F1B19EF3F257CFB3EE5AB103EBE7B413F3BC9E63F2CD93B3D76F00E3EBE64543F22740C3F26A4FD3F1BC5703E83DDF73E4056CB3F7BAED33EAF967B3F045AFF3F62D1573E8C3FC53EE1D5963DD68CF13F4209033F603C203E82253E3EEDBC003E62C3093EB182293F6D6AA43EC7DBBC3F46CB273F4C25383F2AC4733E3177853F5F41E03D039D863F5E18B03F0281943F7B8C5C3F4DF1953CF46F073F3B88E33F6AD67B3EF69AC63F6771DB3C8CA5553F2699593F65B2293F12726C3EB61FBA3F02D81F3E4CA39B3E7D6B693E81A95C3EC8E5CB3D74B6C93ED5E93D3E9902AA3F4441AE3F2EDFA53F13A2BA3F7D9CDD3F29E9623F33636D3E50C9F83EE811103EEB39D93E182BF43F56496F3F79AC3A3E8878B73EDFE7BE3D50229B3F1E107F3F7584153ED71CF73F688A663EFC10303EC07C393ED3005A3F7BD4013F33CB1C3D4A765F3E92FFD93EBB562E3EAC4B583F617B3B3F15EF873E1B0CCE3EBF385A3F0C56B13F67336A3F4E8D8E3F50A71F3D9331513F320AF63EE1D4A43F6268783F628EED3D26B6C73EEE0E023F297C9B3F7686C83F529F653EABF7B73DD6467B3D48BC473E8959B33DAFD2F93F7E695C3F47ADEF3F4243BA3DE8F68C3F7F211E3F10DD273EBB6E2E3E926DBE3F2EECC13ECE5A0D3F1CC2DD3F3C0F443D39B79C3ED401AD3F0C20173F5E1A8F3F488F5B3F4C11923EB2539C3C60B93E3ECA0E663D27FFC43E9A28D63F4FF8E63F6093FE3F3764C23E4DE6D03F6DD1953F319BE43F6390B33F6C3B533F6D45543EF8199D3E5DBC063E1BF7B03E2387D23F68A0823DB9DCD73D4BECB03EB903A13F6754543F42FF893F6A46183E5167DC3F19F66B3E7C15A33F4477A13EF3E2D63DEF54513F75B7ED3DEE218B3F2D136D3EDD10F13EE038E93DD1EBEE3F470EDC3F23B5EC3E596EB63F1E0E983F1ED49A3F629E0E3F660A4B3F785AFA3F64C7133EE151103F5023C83E2B18803F754CC03EF624513F7CE93E3F6425AD3F5177CA3E9F921E3E902C8C3F5320263ECAA9633F766E713EC83BE33D3BA3B03F63B2113EA53FC93F7761CC3F59149D3ECEE6C33E6BA9203F3294F03EF5B8D03E6B03813E6820B53E4EF4AF3F7C301C3DE5339D3C1376E53F4584373F07FB243F1DF3AB3F7564E13F0ECAF43EBA13E43E59BB2B3F04B9323F12B0C93F4A58A13C6B3A573F1939D93F7580FF3ED4BC673E6C846B3F234F3B3EAE70763E29596B3E64D2B73EDC51C53F3894013F08CBCC3F3F7A783EA789C63E97BC923F5CE52E3EC89E653F7952CA3F46E7203ECC6D1A3EDCF1CD3E9BA83E3E8FBCC23EB632CC3EAF2ED33DF8E38C3F22FF783E2734F73F7877EA3E6E4BF83F7B41363F26E2CB3F729D8D3F4157DB3F5C7BB63F71B3AC3E8522313F6DAEBB3F29B6503EDBD1673CD936223EF3A2773DB47D023E9EA1783EDE814D3EA915923F0EF19A3F5B8A153EF404A03EA480163F6483AB3F3340783F194DF93E7D0F9D3EAB19E63E2C064C3F2016DD3F1A9C123CA710C23F79EA203EB3F06B3E065CB83E92DB813E955B1F3C7B94FB3E7B59F33F46AEAE3F09BA3C3EE6CDA33EC35A403E3AB9E83E05F0E73DCBCE443E73DBA43F1A91FA3F3400A83E61788D3F6EC8BB3F660C3C3E8EF7413F116AF73DE4E3BC3E1324C03E92E5513F0A37F13E076A153E8FB0B03E851B7F3E8F5DA83F08E2DA3E9A13213F1350F63F0620023E23DE853F5E6DE23F1840923CB583783EDB56CD3DE373443E08C7403E6A52AD3EFD69B53ED256883E8B94433F1145E33E65288A3EE029433E0DBC373F7E2B653E3996DF3EA1DF973EDE51293F41A2273E0E5B623F49BA513E38E0AB3E8132AD3F663F893EEE3A733EACCC803F12B45D3F1B62233F4762493F39485A3F6EFFE63DC303C33D01D5533F6C01B93EE118043E6D3A023D2FBA873F2A40943F447D4D3F2BBA9B3E69ADE13F0979E03E4D9CB53F670D613F1B0D683F2FA5A83E0004873F7DE3013E0C88833F26FDF63F05891C3F7200363CACBE0B3EAD04963E6193B73E5B13093D10C8273F1D41A93F2BD4C53EE07B093F4CCEA33D4AD2913F47C8B93E3CE04F3F5F3C143F4475263F6A2B663D97CF983F6AC3703F00B2F43F07339C3ED6FAA43F5022203F0161283F7C8F173E45556E3EDC5CC33D83239A3D9BC27F3F6A9C163C0B55CC3D8D38433EBC12AC3F5E8BD83F0027303E5C22583DA2EDEF3F4BA6423F7EEB5C3E2093393EACAB373E3A2B593EAF6DA03E30CA003F3F0B903D1DF1323ECB5CB03F2A7D3F3CE9FCBE3D1EA26D3F659F013E10EE723D4BABEF3F50C62F3F52B6873E030FBD3F73274E3E49242C3E824BBD3F6361AC3E7AA8953E241AE03E0F7F223F284D513F3454933EB01E8E3DF72B973F1488D73F08570D3F7F4A593F03D3323EF545883F6054AE3EC524633F5A9F423DA50DD43F78F9C13F45F0573F64BC9D3EB3354F3E9C4EBF3E973B873F5D13DD3E0ECDE73F7D461C3E4AA28D3F5384363EE328D23E6647013E3D869E3ECDBCE53E32273E3D9380C23F58F2E73F4C8C0F3F02D8933F7C24D13EE384973D1545AC3F14071C3F0374623F2281963EF5E35B3EC639BD3EAA10173DD06F703EACD1583F411A753E9349C73ECD02013F0B539C3E20B1123EF10FE33F4615B23F1093C93E9CB3703ED2F2B33E0309783F7B1AF83F0CB30A3EC0D1383F55AAAA3EC77DDE3DB1FCC43EC947BF3F09CAE23D54904D3EC05DA63DAFE2723F2F7EED3F7033CA3D30DAF23F1A69823D8636533E9B91723D9815953F6EFE023E80D5483F3090003D3528BA3F2F3ECD3EF0C0DD3E98889F3F2FAF393F762FF93DB0A8C83C6F30F83E104F103EA950BC3F177B503F777ED73F522E863F78BE503F3601CA3EC7D4CD3F719C043D25F70F3F7ED32B3F4231C53EDCE8AB3F7165893D900BA63F138FE23D7ED1DF3F31BA743F047F063F7A6E7F3EEE24283F4A5D1F3E6C1CAF3E92DCDF3F4BD61B3D45993E3F7658423F7C83F23F34FEEB3F2F06163F3361633E1264483F05AD493EFE2E9E3EE88B523E29A0793EC307A33ECCBB143BAB7FCA3F71802B3EED5C9B3F323D033E4DAA043F50A5A83EA6973D3EDE667E3EC650D53F0901063F49FC343F67FB7E3F2B39993EC39AD23F4F97173F5724323F45749E3F52796D3E691DFA3E089E393EDAD8B63F316BFD3EA129F93CAB24B83EBA046D3F31DF353F2518343EE075273E2777683DBC1AB53F51DE213F7209393F04EC843F6ADBCF3E8977E53F7E970B3F1F49E53F25884A3EE82AE53F03C0703F4234963E83D7B13F01D7FF3F4011263EF3E0283F55E4223F08AC103D36A4793D5B651E3EC905583F0D9F533F4ABB533EC235B33EBDF4593EAD92A73DC102353F45817C3EC263DF3E56B2C23F40F6D13F348A933D958A5A3E295BA13DDDE4513F6696CE3F38D5253F2280AE3F5FC8413F3AC4973F7381853EFC61AC3F1930583EE012013EA382773F71A3C93F0B70333E828C8E3F6805943EA4F3263F559EB03D840F063F55F81E3F5C6C753EE68F6E3F6F9C1F3F36107939909F033E8A75AE3EFE56BA3E8AC0863F5C692C3F25E0EE3F4E5CC43E391C173DD1AEE03E33ABB13E03F25D3F45003F3EFCDCFB3E39AE683F4308173F313D723E3CEC323E46B9DF3F5B6AF23F743E503F5549203DA2ED543BE5211E3EEE31D43EF2ECE93F4EC8F83E55FC883EA247E83E7450023F565FD23F3622CA3E856A3B3F5143A23F6BB0753E2139033EE94AE43F6032523F397E123EC6DF3B3ED29BA13EE261E03D2C00DF3E7F5B5D3E3FB5BA3F2EED9C3F059C4C3F3E5C263EAF58D93EBA9F353F49AE8C3F6D41F23F53AC7A3F3AB7D03F082ED33A5157D13F7DD98D3EFD4F913F2CC8EE3E2E20BB3E29B2893E1845463F7636F93F751BBC3F4A52943F43D0A13EDBE1FD3F577ACF3F6EE8FF3DD098703CD0742A3E8C511F3DEE19B23F57AC593E90BFBA3EB8618D3F4769473EE5390D3EBA6B9C3F4062C33EC0861C3E7D21123F7A2C933F14D7C93D7215B83D912F223F2189333F19A7123E045CA03F6FE0E33EE92D423C9D2BD53F7694DA3D63604A3EADC1873F746E153F69F7973F2E09F73EE829243F47C3F13F43FEAD3E15F2363EA42E873E0DDD2A3F2ED9013F46FA8B3EF24D0F3F58A7DD3E72F26A3E423FE53EC827AC3EDCB05E3C4E8C313F74FD0E3F5AECCB3F1418803F00BED63EFC9F533D9514843EAFDE903EFBEB4A3F00035A3F6C825F3F13A14A3F60FB8D3E99D3EC3EF1220E3F27BB343F7497213F6B5EC63EDC371D3E89FD9E3EF3CCF93F50863C3F260EDE3F3715BE3EEE6A763F419C3B3F42E87C3F5DABD33F1AEC7A3EF125E03DD292D43F4352EA3E573BBE3E9F08793F24BBB33F0BD25E3E87E6173EC96F593E3E03C83E8B880D3F382D2E3EBE7DFF3E9CE96C3CB4192A3E83B7DD3E69AD073F11DBDA3F129EBB3D8A435A3E8938E93EAC5D233F5802D03F330CB13F4C2DC63DD984BC3E7F20703F77322E3F4B805C3F3032693DADF50D3F7CFA3A3E86CD4F3F2B8D913DA41DAC3F6882A43F5972543F13AE083E8FEBDA3EF770BE3F3DE6B93F583A9D3F03069F3F484A2E3F5351E93E68B9D03F410AF53EE91AE13F100E443F09F5923F6CEE8A3F1986F13DC175293F32DE793F32E99E3DA44E5E3F1C97183F6372D63E4E734C3E863CCB3E09108A3E8512783F29B4803F04236B3EE605383D121F0C3EAAEB203F055AE93DF8D0BE3D160C9D3E97ABE73EB1AAE53E16AF6E3F2336193DC815063F09ED4F3D7C869D3F6788A83F0075243F6DC3C53D07D9913E4BCB193CDF58173F37726C3F425F3D3F5964643EBA9E403ED8C5213F494C5E3F143C403E50B2513F317CAA3E55CC0D3E8954483EF9E7CE3F0E21DF3F12D4893E88D85E3F1C4DBA3F2E21993E5B32323F6F39363F1E677B3EC03A503E2D71803E8ED4563D6ADDCE3F0A0B7B3E9C7A2E3F18B4A03F2F26F03F11CEDE3E7FE8763F44084C3F6DCDBF3E881DAD3E8B2CC03EDFC3613F20917F3DBE40023E9AFC093F30A3BC3E85B49F3F4944073F5EC6B23F5CCA8F3F29B58E3E2DAEA83F58006C3E24250B3F660BB53E6A93353F0918F73EB149943F5681CB3F70AEA33F6213D33E8D3BB43F3CE8633DA96EDD3E1A63143E98F7D33CAB462B3E95B5DD3F549AEE3F13CB3B3E9ED84D3F65846B3E4A69CA3E3E7FF23F3411223F29575E3E90856E3EE760E03E544CD33EE03F8E3F5A67243EBDB0563E7511BC3F55731D3EC341013DB8B3123DD64A043EEDEDC13F590CDB3ECAB28A3ECE3CD83D23543F3F30F4013F57A86C3EC579083F05B1DC3E1D4A1E3F3080533EC8F5FF3F5F30683F468D653D9387443F1F14D63EDABF473F50D0193F6751263F2970B33F4F5A2B3F6CD7633F5A99C23ED11D6A3EB15EE63EFE55183EBD71CD3E50F7033EC9CD943F3905423DEB88183EA3F4B93F21AE6D3F0C73FC3EC7294B3E2E64983EA6515C3EC6C9EA3D858B3C3F799ED03F5209273F2DAFB33EA6F7D83F7367B33CEE7FB23DC2A9083C81DD523EF301DD3EEDA2753F067A373F3D4F4C3DC6A8C43EF40C553F32DF333F6F07583F378E803F30C6D63F36D5603C22BC003F36D0FC3E8FE3083F11F56F3EA7EDB83EAD5A933F2A264D3E5061813E4974A23E4FC0073EBE19873EF2A9F93EA2E1253E935C2D3EB5F34A3F7E03DB3DBC080A3EF561C83F44E6A13F2F0BFD3F7ADB183E92479F3E89DC543F00F9F23F31DCCD3D5257C53E837ABD3F46A3953EA2A2323F2D1E873D7ADFAA3E5969493F14E4B53F14FFD83F787A5D3F4AEE013EEB8BC63ED7950F3E3AF66C3EA804953F63C14E3F5103473E52C69B3F3778A43F6D6DF33E77CDA23F79DD823F1BF0D53F643A223B596A743F77A5843EE5442A3D8B5C333E29AC6A3F60EFAC3F1D0EAD3EC2C88B3E412D163D54E0953F3954343C2FCAC03F7954F83F24612A3F761A593EAE29C93C3793C33F3264A73F2D62363F3B7C4F3EA0A9AE3F3B17B13ED7707E3F1F17D23F60D57F3DA39DCC3F778AB63DB20E7F3EF1442C3E9DC64F3F62A6B53F192A1C3F26965F3E53A8663F2E1DC63F64F68D3D7FEAEE3EF0E6783F0F160C3CD712B43E5DC8763F7832AD3EE28DFA3EDF93E83E1649173F23D0F03F6A24A73F13626C3F14D2983ED39FE93EDBF7143F7578953F03A9383E8CB8513E79FC0C3F433FB53EB596E13EFCF73C3E6231023CBA95DF3E1D5EBE3E9E9A7F3F5D23CE3E7FAFF63F430F1A3F5D4A143F2FDBAC3F4F92C13E1C02B53F7BBA933E9697EA3F3D54DB3F0F47EB3EF1A4173EB470383F3A5A1B3F08C11F3F7722153F7A76B13F6F4C7B3EF7AA573BAC0BF13F6CD9B93F66196C3F49BEEC3F7176DD3EB733333E91C0683DDF61253EF1FC6F3F6F048F3ED13EAD3DBAE0253D9D95A73EBCE96C3EFCE6293E803A683EE5EECA3F29CEA33EC4EDF23EF69AEB3F7BEBAC3F2E0A8B3C671CCC3E9079B03F46BF283F5589FD3E88110A3EF72CE93E27B6943E6CF0AC3F7DCA7E3BD8609B3F4055233F35D2BF3F5BFDCB3F6F67713CAAFD0C3F6689483EC9519B3F7320E43DB3E5383F15412E3CFD59913D1E12613F663EB13EB3E8813E9295E03E5A32123E4000FB3F51BFC73E00E92E3F5BBBA83F4950C03EC814653EFA35FA3E8586963F00F9433F6A854D3EF0BCB23F4CD1763F1880E93ECA1E143D8C61283E8A84A43D11B6893E8165B23F0C44E73F4E8E893E44CE923F1F4D913ED322803F6D75363E70113E3EF72BD43F3410583E9086C93F10F0A03EF717023F55D75E3F4A5B243F5C8F143F418E763EEE281D3F7E5C253F51984B3D950C7B3F74C4573F1B8FEE3F142BE13E5A63E03F5714FD3EEAF7293F5E1D6C3F0D37823E9E72BB3E5AE4593E9E76F53EE2F9053E3338DC3F127A343D0C2AC13E2A90ED3F6B19893F6256E33F276ED33F589CCE3EDD72FE3EF0929E3F6BDC293F7FF1CD3F4C946C3E8DF2D53F652A983DBB824F3F7B1BD93F64BA0E3E7854183F4005873F1F349F3EAFB34F3EC1DD863DECD14C3E7958603F0D28803F0338F83DEF60333F7FB2553F53D6863E9B84573EB150F13F4E79713E702AC53F4281D93F1A49493DFC4F3C3E7F57CE3E56884E3DCBB1413F5520073F3063B73F2B69393F4CECB83F3B56693EF713E23F30F5BA3EAC62403F6089803F001AC13F51FDEB3EF712783F1CF0343EA333423E0817AD3E6811383EE9F71F3EFC6C513F6BBD963D6914CA3E093DED3F242E593EFAF11A3E4D96D93F77668B3ECBF5043E57C9173E54DBFA3F0232DA3DB7257F3ED1A0683EE411063F4A4DF73F4BEDAC3EDD27F43F499016')
;


truncate table SPLICING.GENE_TO_TX;
insert into SPLICING.GENE_TO_TX(GENE_ID, TX_ID)
values (1, 1),
       (2, 2),
       (2, 3);


truncate table SPLICING.TRANSCRIPT;
insert into SPLICING.TRANSCRIPT(TX_ID, CONTIG, BEGIN_POS, END_POS, BEGIN_ON_FWD, END_ON_FWD, STRAND, ACCESSION_ID)
values (1, 1, 1000, 3000, 1000, 3000, TRUE, 'TX1'),
       (2, 1, 6000, 8000, 2000, 4000, FALSE, 'TX2'),
       (3, 1, 7000, 8000, 3000, 4000, FALSE, 'TX3');


truncate table SPLICING.TX_FEATURE_REGION;
insert into SPLICING.TX_FEATURE_REGION(TX_ID, CONTIG, BEGIN_POS, END_POS, REGION_TYPE, REGION_NUMBER, PROPERTIES)
values (1, 1, 1000, 1500, 'ex', 0, ''),                           -- TX1 - 1st exon
       (1, 1, 1500, 2500, 'ir', 0, 'DONOR=9.433;ACCEPTOR=7.392'), -- TX1 - 1st intron
       (1, 1, 2500, 3000, 'ex', 1, ''),                           -- TX1 - 2nd exon

       (2, 1, 6000, 8000, 'ex', 0, ''),                           -- TX2 - 1st and only exon

       (3, 1, 7000, 7200, 'ex', 0, ''),                           -- TX3 - 1st exon
       (3, 1, 7200, 7500, 'ir', 0, 'DONOR=4.931;ACCEPTOR=7.832'), -- TX3 - 1st intron
       (3, 1, 7500, 8000, 'ex', 1, ''); -- TX3 - 2nd exon